{
  "format_version": "1.8.0",
  "animations": {
    "animation.cmm.bee.flying": {
      "loop": true,
      "animation_length": 3.3667,
      "bones": {
        "Antenna": {
          "rotation": [ "5.0 * math.cos(213.8656 * (query.anim_time - 0.84165))", 0, 0 ]
        },
        "Head": {
          "position": [ 0, 1, -0.75 ]
        },
        "Body": {
          "rotation": [ "50 + 5.5 * math.cos(213.8656 * (query.anim_time - 0.84165))", 0, 0 ],
          "position": [ 0, "-1.0 + 1.0 * math.cos(213.8656 * (query.anim_time - 0.84165))", 0 ]
        },
        "RightWing": {
          "rotation": {
            "0.000": [ 0, -35, 0 ],
            "0.033": [ 0, 0, 0 ],
            "0.067": [ 0, 35, 0 ],
            "0.100": [ 0, 0, 0 ],
            "0.133": [ 0, -35, 0 ],
            "0.167": [ 0, 0, 0 ],
            "0.200": [ 0, 35, 0 ],
            "0.233": [ 0, 0, 0 ],
            "0.267": [ 0, -35, 0 ],
            "0.300": [ 0, 0, 0 ],
            "0.333": [ 0, 35, 0 ],
            "0.367": [ 0, 0, 0 ],
            "0.400": [ 0, -35, 0 ],
            "0.433": [ 0, 0, 0 ],
            "0.467": [ 0, 35, 0 ],
            "0.500": [ 0, 0, 0 ],
            "0.533": [ 0, -35, 0 ],
            "0.567": [ 0, 0, 0 ],
            "0.600": [ 0, 35, 0 ],
            "0.633": [ 0, 0, 0 ],
            "0.667": [ 0, -35, 0 ],
            "0.700": [ 0, 0, 0 ],
            "0.733": [ 0, 35, 0 ],
            "0.767": [ 0, 0, 0 ],
            "0.800": [ 0, -35, 0 ],
            "0.833": [ 0, 0, 0 ],
            "0.867": [ 0, 35, 0 ],
            "0.900": [ 0, 0, 0 ],
            "0.933": [ 0, -35, 0 ],
            "0.967": [ 0, 0, 0 ],
            "1.000": [ 0, 35, 0 ],
            "1.033": [ 0, 0, 0 ],
            "1.067": [ 0, -35, 0 ],
            "1.100": [ 0, 0, 0 ],
            "1.133": [ 0, 35, 0 ],
            "1.167": [ 0, 0, 0 ],
            "1.200": [ 0, -35, 0 ],
            "1.233": [ 0, 0, 0 ],
            "1.267": [ 0, 35, 0 ],
            "1.300": [ 0, 0, 0 ],
            "1.333": [ 0, -35, 0 ],
            "1.367": [ 0, 0, 0 ],
            "1.400": [ 0, 35, 0 ],
            "1.433": [ 0, 0, 0 ],
            "1.467": [ 0, -35, 0 ],
            "1.500": [ 0, 0, 0 ],
            "1.533": [ 0, 35, 0 ],
            "1.567": [ 0, 0, 0 ],
            "1.600": [ 0, -35, 0 ],
            "1.633": [ 0, 0, 0 ],
            "1.667": [ 0, 35, 0 ],
            "1.700": [ 0, 0, 0 ],
            "1.733": [ 0, -35, 0 ],
            "1.767": [ 0, 0, 0 ],
            "1.800": [ 0, 35, 0 ],
            "1.833": [ 0, 0, 0 ],
            "1.900": [ 0, -35, 0 ],
            "1.933": [ 0, 0, 0 ],
            "1.967": [ 0, 35, 0 ],
            "2.000": [ 0, 0, 0 ],
            "2.033": [ 0, -35, 0 ],
            "2.067": [ 0, 0, 0 ],
            "2.100": [ 0, 35, 0 ],
            "2.133": [ 0, 0, 0 ],
            "2.167": [ 0, -35, 0 ],
            "2.200": [ 0, 0, 0 ],
            "2.233": [ 0, 35, 0 ],
            "2.266": [ 0, 0, 0 ],
            "2.300": [ 0, -35, 0 ],
            "2.333": [ 0, 0, 0 ],
            "2.367": [ 0, 35, 0 ],
            "2.400": [ 0, 0, 0 ],
            "2.433": [ 0, -35, 0 ],
            "2.467": [ 0, 0, 0 ],
            "2.500": [ 0, 35, 0 ],
            "2.533": [ 0, 0, 0 ],
            "2.567": [ 0, -35, 0 ],
            "2.600": [ 0, 0, 0 ],
            "2.633": [ 0, 35, 0 ],
            "2.667": [ 0, 0, 0 ],
            "2.700": [ 0, -35, 0 ],
            "2.733": [ 0, 0, 0 ],
            "2.767": [ 0, 35, 0 ],
            "2.800": [ 0, 0, 0 ],
            "2.833": [ 0, -35, 0 ],
            "2.867": [ 0, 0, 0 ],
            "2.900": [ 0, 35, 0 ],
            "2.933": [ 0, 0, 0 ],
            "2.967": [ 0, -35, 0 ],
            "3.000": [ 0, 0, 0 ],
            "3.033": [ 0, 35, 0 ],
            "3.067": [ 0, 0, 0 ],
            "3.100": [ 0, -35, 0 ],
            "3.133": [ 0, 0, 0 ],
            "3.167": [ 0, 35, 0 ],
            "3.200": [ 0, 0, 0 ],
            "3.233": [ 0, -35, 0 ],
            "3.267": [ 0, 0, 0 ],
            "3.300": [ 0, 35, 0 ],
            "3.333": [ 0, 0, 0 ],
            "3.367": [ 0, 0, -35 ]
          }
        },
        "LeftWing": {
          "rotation": {
            "0.000": [ 0, 35, 0 ],
            "0.033": [ 0, 0, 0 ],
            "0.067": [ 0, -35, 0 ],
            "0.100": [ 0, 0, 0 ],
            "0.133": [ 0, 35, 0 ],
            "0.167": [ 0, 0, 0 ],
            "0.200": [ 0, -35, 0 ],
            "0.233": [ 0, 0, 0 ],
            "0.267": [ 0, 35, 0 ],
            "0.300": [ 0, 0, 0 ],
            "0.333": [ 0, -35, 0 ],
            "0.367": [ 0, 0, 0 ],
            "0.400": [ 0, 35, 0 ],
            "0.433": [ 0, 0, 0 ],
            "0.467": [ 0, -35, 0 ],
            "0.500": [ 0, 0, 0 ],
            "0.533": [ 0, 35, 0 ],
            "0.567": [ 0, 0, 0 ],
            "0.600": [ 0, -35, 0 ],
            "0.633": [ 0, 0, 0 ],
            "0.667": [ 0, 35, 0 ],
            "0.700": [ 0, 0, 0 ],
            "0.733": [ 0, -35, 0 ],
            "0.767": [ 0, 0, 0 ],
            "0.800": [ 0, 35, 0 ],
            "0.833": [ 0, 0, 0 ],
            "0.867": [ 0, -35, 0 ],
            "0.900": [ 0, 0, 0 ],
            "0.933": [ 0, 35, 0 ],
            "0.967": [ 0, 0, 0 ],
            "1.000": [ 0, -35, 0 ],
            "1.033": [ 0, 0, 0 ],
            "1.067": [ 0, 35, 0 ],
            "1.100": [ 0, 0, 0 ],
            "1.133": [ 0, -35, 0 ],
            "1.167": [ 0, 0, 0 ],
            "1.200": [ 0, 35, 0 ],
            "1.233": [ 0, 0, 0 ],
            "1.267": [ 0, -35, 0 ],
            "1.300": [ 0, 0, 0 ],
            "1.333": [ 0, 35, 0 ],
            "1.367": [ 0, 0, 0 ],
            "1.400": [ 0, -35, 0 ],
            "1.433": [ 0, 0, 0 ],
            "1.467": [ 0, 35, 0 ],
            "1.500": [ 0, 0, 0 ],
            "1.533": [ 0, -35, 0 ],
            "1.567": [ 0, 0, 0 ],
            "1.600": [ 0, 35, 0 ],
            "1.633": [ 0, 0, 0 ],
            "1.667": [ 0, -35, 0 ],
            "1.700": [ 0, 0, 0 ],
            "1.733": [ 0, 35, 0 ],
            "1.767": [ 0, 0, 0 ],
            "1.800": [ 0, -35, 0 ],
            "1.833": [ 0, 0, 0 ],
            "1.900": [ 0, 35, 0 ],
            "1.933": [ 0, 0, 0 ],
            "1.967": [ 0, -35, 0 ],
            "2.000": [ 0, 0, 0 ],
            "2.033": [ 0, 35, 0 ],
            "2.067": [ 0, 0, 0 ],
            "2.100": [ 0, -35, 0 ],
            "2.133": [ 0, 0, 0 ],
            "2.167": [ 0, 35, 0 ],
            "2.200": [ 0, 0, 0 ],
            "2.233": [ 0, -35, 0 ],
            "2.266": [ 0, 0, 0 ],
            "2.300": [ 0, 35, 0 ],
            "2.333": [ 0, 0, 0 ],
            "2.367": [ 0, -35, 0 ],
            "2.400": [ 0, 0, 0 ],
            "2.433": [ 0, 35, 0 ],
            "2.467": [ 0, 0, 0 ],
            "2.500": [ 0, -35, 0 ],
            "2.533": [ 0, 0, 0 ],
            "2.567": [ 0, 35, 0 ],
            "2.600": [ 0, 0, 0 ],
            "2.633": [ 0, -35, 0 ],
            "2.667": [ 0, 0, 0 ],
            "2.700": [ 0, 35, 0 ],
            "2.733": [ 0, 0, 0 ],
            "2.767": [ 0, -35, 0 ],
            "2.800": [ 0, 0, 0 ],
            "2.833": [ 0, 35, 0 ],
            "2.867": [ 0, 0, 0 ],
            "2.900": [ 0, -35, 0 ],
            "2.933": [ 0, 0, 0 ],
            "2.967": [ 0, 35, 0 ],
            "3.000": [ 0, 0, 0 ],
            "3.033": [ 0, -35, 0 ],
            "3.067": [ 0, 0, 0 ],
            "3.100": [ 0, 35, 0 ],
            "3.133": [ 0, 0, 0 ],
            "3.167": [ 0, -35, 0 ],
            "3.200": [ 0, 0, 0 ],
            "3.233": [ 0, 35, 0 ],
            "3.267": [ 0, 0, 0 ],
            "3.300": [ 0, -35, 0 ],
            "3.333": [ 0, 0, 0 ],
            "3.3667": [ 0, 0, 35 ]
          }
        },
        "RightArm": {
          "rotation": [ -85, 0, 0 ]
        },
        "LeftArm": {
          "rotation": [ -85, 0, 0 ]
        },
        "RightLeg": {
          "rotation": [ "-5 + 5 * math.cos(213.8656 * query.anim_time)", 0, 0 ]
        },