{
  "format_version": "1.8.0",
  "animations": {
    "animation.cmm.dolphin.swimming.v1.0": {
      "loop": true,
      "override_previous_animation": true,
      "animation_length": 1.3,
      "bones": {
        "RightArm": {
          "rotation": {
            "0": [ 0, 180, -180 ],
            "0.7": [ 0, 180, -287.2000122070313 ],
            "1.1": [ 90, 180, -180 ],
            "1.3": [ 0, 180, -180 ]
          }
        },
        "RightArm2": {
          "rotation": {
            "0": [ 0, 180, -180 ],
            "0.7": [ 0, 180, -287.2000122070313 ],
            "1.1": [ 90, 180, -180 ],
            "1.3": [ 0, 180, -180 ]
          }
        },
        "LeftArm": {
          "rotation": {
            "0": [ 0, 180, 180 ],
            "0.7": [ 0, 180, 287.2000122070313 ],
            "1.1": [ 90, 180, 180 ],
            "1.3": [ 0, 180, 180 ]
          }
        },
        "LeftArm2": {
          "rotation": {
            "0": [ 0, 180, 180 ],
            "0.7": [ 0, 180, 287.2000122070313 ],
            "1.1": [ 90, 180, 180 ],
            "1.3": [ 0, 180, 180 ]
          }
        }
      }
    }
  }
}